"","datetime","discharge_daily"
"1",2014-01-01,3005.2347826087
"2",2014-01-02,2889.62916666667
"3",2014-01-03,2701.7
"4",2014-01-04,2602.26666666667
"5",2014-01-05,2486.5125
"6",2014-01-06,2535.3375
"7",2014-01-07,2838.925
"8",2014-01-08,2982.6875
"9",2014-01-09,2870.40833333333
"10",2014-01-10,2697.9875
"11",2014-01-11,2904.475
"12",2014-01-12,3287.55416666667
"13",2014-01-13,3279.82916666667
"14",2014-01-14,3720.075
"15",2014-01-15,3888.07083333333
"16",2014-01-16,3944.375
"17",2014-01-17,4097.89583333333
"18",2014-01-18,4380.25416666667
"19",2014-01-19,5075.99166666667
"20",2014-01-20,5657.55
"21",2014-01-21,5665.45416666667
"22",2014-01-22,5590.475
"23",2014-01-23,5462.92916666667
"24",2014-01-24,5363.54166666667
"25",2014-01-25,5323.82916666667
"26",2014-01-26,5267.6625
"27",2014-01-27,5130.3625
"28",2014-01-28,4912.5
"29",2014-01-29,4661.6125
"30",2014-01-30,4400.49583333333
"31",2014-01-31,4152.41666666667
"32",2014-02-01,4000.1375
"33",2014-02-02,3902.87083333333
"34",2014-02-03,6571.77916666667
"35",2014-02-04,11039.7458333333
"36",2014-02-05,11470.125
"37",2014-02-06,10946.125
"38",2014-02-07,11918.0416666667
"39",2014-02-08,12234
"40",2014-02-09,12006.7916666667
"41",2014-02-10,11799
"42",2014-02-11,11363.1666666667
"43",2014-02-12,10644.3333333333
"44",2014-02-13,10180.65
"45",2014-02-14,10315.0541666667
"46",2014-02-15,11146.875
"47",2014-02-16,11780.9166666667
"48",2014-02-17,11379.875
"49",2014-02-18,11213.4583333333
"50",2014-02-19,12576.25
"51",2014-02-20,16346.875
"52",2014-02-21,21236.9166666667
"53",2014-02-22,42037.25
"54",2014-02-23,55036.125
"55",2014-02-24,51207.0833333333
"56",2014-02-25,40096.2916666667
"57",2014-02-26,32151.4166666667
"58",2014-02-27,26682.5
"59",2014-02-28,22440.7083333333
"60",2014-03-01,19419.25
"61",2014-03-02,17475.75
"62",2014-03-03,16922.8333333333
"63",2014-03-04,16012.125
"64",2014-03-05,15655.625
"65",2014-03-06,15669.3333333333
"66",2014-03-07,15449.5
"67",2014-03-08,14915.0833333333
"68",2014-03-09,14337.5
"69",2014-03-10,14072.5416666667
"70",2014-03-11,14278.2083333333
"71",2014-03-12,14666.4166666667
"72",2014-03-13,15350.2916666667
"73",2014-03-14,16582.2916666667
"74",2014-03-15,17007.0416666667
"75",2014-03-16,16305.25
"76",2014-03-17,15331.0416666667
"77",2014-03-18,13900.3333333333
"78",2014-03-19,13382.5833333333
"79",2014-03-20,13910.4583333333
"80",2014-03-21,14231.3333333333
"81",2014-03-22,14142.5416666667
"82",2014-03-23,14114.75
"83",2014-03-24,13925.0833333333
"84",2014-03-25,13592.4583333333
"85",2014-03-26,13190.3333333333
"86",2014-03-27,12433.4583333333
"87",2014-03-28,11678.5833333333
"88",2014-03-29,11610.9583333333
"89",2014-03-30,19998.4583333333
"90",2014-03-31,34886.2083333333
"91",2014-04-01,35754.5
"92",2014-04-02,28340.9583333333
"93",2014-04-03,21994.75
"94",2014-04-04,18467.4583333333
"95",2014-04-05,16412.2916666667
"96",2014-04-06,14966.5833333333
"97",2014-04-07,14152.4583333333
"98",2014-04-08,14371.5833333333
"99",2014-04-09,14277.2916666667
"100",2014-04-10,13507.5416666667
"101",2014-04-11,12469.875
"102",2014-04-12,11508.9166666667
"103",2014-04-13,10624.4583333333
"104",2014-04-14,9765.87083333333
"105",2014-04-15,10501.5541666667
"106",2014-04-16,11920.625
"107",2014-04-17,12070.25
"108",2014-04-18,11501.1666666667
"109",2014-04-19,10812.625
"110",2014-04-20,10127.4541666667
"111",2014-04-21,9431.58333333333
"112",2014-04-22,8738.3
"113",2014-04-23,8137.3875
"114",2014-04-24,7640.49583333333
"115",2014-04-25,7294.4875
"116",2014-04-26,7963.44166666667
"117",2014-04-27,8177.43333333333
"118",2014-04-28,7856.65416666667
"119",2014-04-29,8730.30416666667
"120",2014-04-30,30799.5
"121",2014-05-01,55205.75
"122",2014-05-02,44257.0833333333
"123",2014-05-03,30689.4583333333
"124",2014-05-04,23098.4166666667
"125",2014-05-05,18556.0833333333
"126",2014-05-06,16040.0833333333
"127",2014-05-07,14003.375
"128",2014-05-08,12553.8333333333
"129",2014-05-09,11353.9583333333
"130",2014-05-10,10356.4541666667
"131",2014-05-11,9657.1625
"132",2014-05-12,9108.11666666667
"133",2014-05-13,8524.89583333333
"134",2014-05-14,8026.24166666667
"135",2014-05-15,8236.27916666667
"136",2014-05-16,46330.2083333333
"137",2014-05-17,85510.4166666667
"138",2014-05-18,80150.625
"139",2014-05-19,57715.25
"140",2014-05-20,37067.8333333333
"141",2014-05-21,25913.1666666667
"142",2014-05-22,20514.9166666667
"143",2014-05-23,17699.5416666667
"144",2014-05-24,15263.5833333333
"145",2014-05-25,13319.5833333333
"146",2014-05-26,11708.7916666667
"147",2014-05-27,10505.8208333333
"148",2014-05-28,10028.3708333333
"149",2014-05-29,10098.0625
"150",2014-05-30,8907.81666666667
"151",2014-05-31,8108.35
"152",2014-06-01,7558.04583333333
"153",2014-06-02,7094.6125
"154",2014-06-03,6697.44166666667
"155",2014-06-04,6386.28333333333
"156",2014-06-05,6803.09166666667
"157",2014-06-06,6457.425
"158",2014-06-07,6140.59166666667
"159",2014-06-08,5780.82916666667
"160",2014-06-09,8216.75833333333
"161",2014-06-10,7577.86666666667
"162",2014-06-11,8226.90416666667
"163",2014-06-12,12000.125
"164",2014-06-13,15158.5833333333
"165",2014-06-14,15658.4166666667
"166",2014-06-15,17335.7916666667
"167",2014-06-16,16336.75
"168",2014-06-17,13269.375
"169",2014-06-18,10579.7875
"170",2014-06-19,8851.575
"171",2014-06-20,7829.77083333333
"172",2014-06-21,7096.32916666667
"173",2014-06-22,6376.25
"174",2014-06-23,5797
"175",2014-06-24,5355.31666666667
"176",2014-06-25,4980.56666666667
"177",2014-06-26,4731.36666666667
"178",2014-06-27,4736.7125
"179",2014-06-28,4660.37083333333
"180",2014-06-29,4399.575
"181",2014-06-30,4067.44583333333
"182",2014-07-01,3774.65
"183",2014-07-02,3531.92916666667
"184",2014-07-03,3772.2875
"185",2014-07-04,3802.54166666667
"186",2014-07-05,3605.95
"187",2014-07-06,3396.71666666667
"188",2014-07-07,3201.55416666667
"189",2014-07-08,3074.45416666667
"190",2014-07-09,3242.2125
"191",2014-07-10,3044.8875
"192",2014-07-11,3110.2625
"193",2014-07-12,2722.2875
"194",2014-07-13,2471.15
"195",2014-07-14,2380.62083333333
"196",2014-07-15,2928.75833333333
"197",2014-07-16,3529.39166666667
"198",2014-07-17,2877.3375
"199",2014-07-18,2586.8625
"200",2014-07-19,2349.40416666667
"201",2014-07-20,2138.24166666667
"202",2014-07-21,1977.85416666667
"203",2014-07-22,1835.58333333333
"204",2014-07-23,1735.76666666667
"205",2014-07-24,1711.2
"206",2014-07-25,1737.45833333333
"207",2014-07-26,1739.18333333333
"208",2014-07-27,1694.19166666667
"209",2014-07-28,1627.95416666667
"210",2014-07-29,1623.19166666667
"211",2014-07-30,1681.83333333333
"212",2014-07-31,1697.9625
"213",2014-08-01,1637.57916666667
"214",2014-08-02,1574.99583333333
"215",2014-08-03,1513.5375
"216",2014-08-04,1590.85833333333
"217",2014-08-05,1666.35833333333
"218",2014-08-06,1719.8125
"219",2014-08-07,1698.95
"220",2014-08-08,1660.59166666667
"221",2014-08-09,1593.78333333333
"222",2014-08-10,1487.6875
"223",2014-08-11,1359.1375
"224",2014-08-12,2681.34166666667
"225",2014-08-13,2742.89583333333
"226",2014-08-14,2152.08333333333
"227",2014-08-15,2026.40416666667
"228",2014-08-16,1911.6125
"229",2014-08-17,1803.50416666667
"230",2014-08-18,1719.50416666667
"231",2014-08-19,1665.14583333333
"232",2014-08-20,1750.7875
"233",2014-08-21,2293.84583333333
"234",2014-08-22,2352.24166666667
"235",2014-08-23,2490.9375
"236",2014-08-24,2774.34583333333
"237",2014-08-25,2418.04583333333
"238",2014-08-26,2246.25
"239",2014-08-27,2096.625
"240",2014-08-28,1967.00833333333
"241",2014-08-29,1828.2875
"242",2014-08-30,1717.5625
"243",2014-08-31,1674.70833333333
"244",2014-09-01,2063.425
"245",2014-09-02,1741.90416666667
"246",2014-09-03,1710.52916666667
"247",2014-09-04,1578.52083333333
"248",2014-09-05,1436.99583333333
"249",2014-09-06,1311.1625
"250",2014-09-07,1278.87916666667
"251",2014-09-08,1304.2375
"252",2014-09-09,1317.74583333333
"253",2014-09-10,1258.1
"254",2014-09-11,1149.125
"255",2014-09-12,1024.03083333333
"256",2014-09-13,905.949583333333
"257",2014-09-14,805.965
"258",2014-09-15,723.84125
"259",2014-09-16,657.2275
"260",2014-09-17,602.25625
"261",2014-09-18,556.527083333333
"262",2014-09-19,513.52
"263",2014-09-20,471.137916666667
"264",2014-09-21,429.058333333333
"265",2014-09-22,387.555833333333
"266",2014-09-23,347.778333333333
"267",2014-09-24,310.754166666667
"268",2014-09-25,754.385416666667
"269",2014-09-26,832.731666666667
"270",2014-09-27,706.765833333333
"271",2014-09-28,616.408333333333
"272",2014-09-29,545.3775
"273",2014-09-30,480.756666666667
"274",2014-10-01,480.142083333333
"275",2014-10-02,473.24375
"276",2014-10-03,452.639583333333
"277",2014-10-04,622.401666666667
"278",2014-10-05,669.1375
"279",2014-10-06,653.306666666667
"280",2014-10-07,646.09375
"281",2014-10-08,733.588333333333
"282",2014-10-09,697.672916666667
"283",2014-10-10,650.207083333333
"284",2014-10-11,732.075
"285",2014-10-12,761.294583333333
"286",2014-10-13,730.965
"287",2014-10-14,712.217916666667
"288",2014-10-15,1137.61625
"289",2014-10-16,2652.0375
"290",2014-10-17,3638.8375
"291",2014-10-18,4200.17083333333
"292",2014-10-19,4226.7375
"293",2014-10-20,4028.075
"294",2014-10-21,3826.0625
"295",2014-10-22,4224.825
"296",2014-10-23,3849.87916666667
"297",2014-10-24,3465.24166666667
"298",2014-10-25,3186.83333333333
"299",2014-10-26,2956.82916666667
"300",2014-10-27,2770.02083333333
"301",2014-10-28,2611.275
"302",2014-10-29,2475.60833333333
"303",2014-10-30,2365.91666666667
"304",2014-10-31,2252.55833333333
"305",2014-11-01,2226
"306",2014-11-02,2129.02916666667
"307",2014-11-03,2034.62083333333
"308",2014-11-04,1929.6375
"309",2014-11-05,1845.82916666667
"310",2014-11-06,2120.5875
"311",2014-11-07,2142.00833333333
"312",2014-11-08,2067.9375
"313",2014-11-09,1998.09583333333
"314",2014-11-10,1900.96666666667
"315",2014-11-11,1836.1875
"316",2014-11-12,1777.2125
"317",2014-11-13,1720.79583333333
"318",2014-11-14,1687.92916666667
"319",2014-11-15,1676.8
"320",2014-11-16,1673.90416666667
"321",2014-11-17,1693.79166666667
"322",2014-11-18,1694.19166666667
"323",2014-11-19,2185.05416666667
"324",2014-11-20,2110.65
"325",2014-11-21,3555.36666666667
"326",2014-11-22,4393.82083333333
"327",2014-11-23,4078.5625
"328",2014-11-24,4988.225
"329",2014-11-25,5062.52916666667
"330",2014-11-26,7299.375
"331",2014-11-27,10750.5833333333
"332",2014-11-28,9987.375
"333",2014-11-29,8715.24166666667
"334",2014-11-30,8009.95
"335",2014-12-01,7615.0375
"336",2014-12-02,7978.75
"337",2014-12-03,8778.32083333333
"338",2014-12-04,8614.24166666667
"339",2014-12-05,8249.45416666667
"340",2014-12-06,8354.2375
"341",2014-12-07,9990.45
"342",2014-12-08,10724.25
"343",2014-12-09,12248.25
"344",2014-12-10,13885.7916666667
"345",2014-12-11,14241.4583333333
"346",2014-12-12,13389.625
"347",2014-12-13,12416.2083333333
"348",2014-12-14,11659.7916666667
"349",2014-12-15,11077.7083333333
"350",2014-12-16,10995.4166666667
"351",2014-12-17,10967.0416666667
"352",2014-12-18,10497.25
"353",2014-12-19,9892.02916666667
"354",2014-12-20,9441.7125
"355",2014-12-21,9074.77916666667
"356",2014-12-22,8718.50416666667
"357",2014-12-23,8606.32083333333
"358",2014-12-24,10748.0291666667
"359",2014-12-25,12231.625
"360",2014-12-26,11893.75
"361",2014-12-27,11002.25
"362",2014-12-28,10278
"363",2014-12-29,9761.975
"364",2014-12-30,9231.20833333333
"365",2014-12-31,8659.97916666667
"366",2015-01-01,8107.95833333333
"367",2015-01-02,7642.97083333333
"368",2015-01-03,7489.35833333333
"369",2015-01-04,9692.06666666667
"370",2015-01-05,10952.5416666667
"371",2015-01-06,10300.45
"372",2015-01-07,9534.10416666667
"373",2015-01-08,9161.63333333333
"374",2015-01-09,9038.93333333333
"375",2015-01-10,8856.4125
"376",2015-01-11,8474.45
"377",2015-01-12,8355.91666666667
"378",2015-01-13,8913.57916666667
"379",2015-01-14,8690.05833333333
"380",2015-01-15,8234.04166666667
"381",2015-01-16,7952.63333333333
"382",2015-01-17,7824.075
"383",2015-01-18,7950.54583333333
"384",2015-01-19,8060.85416666667
"385",2015-01-20,7941.55416666667
"386",2015-01-21,7734.24583333333
"387",2015-01-22,7632.95416666667
"388",2015-01-23,7416.49583333333
"389",2015-01-24,12621.1625
"390",2015-01-25,16159.2916666667
"391",2015-01-26,15194.5
"392",2015-01-27,13987.625
"393",2015-01-28,12940.4166666667
"394",2015-01-29,12103.1666666667
"395",2015-01-30,11575.125
"396",2015-01-31,10878.625
"397",2015-02-01,10318.1666666667
"398",2015-02-02,10338.3333333333
"399",2015-02-03,11321.625
"400",2015-02-04,11979.4583333333
"401",2015-02-05,11889.2083333333
"402",2015-02-06,12237.125
"403",2015-02-07,12197.125
"404",2015-02-08,11538.75
"405",2015-02-09,10831
"406",2015-02-10,10521.75
"407",2015-02-11,10376.75
"408",2015-02-12,10036.05
"409",2015-02-13,9557.34583333333
"410",2015-02-14,9103.82916666667
"411",2015-02-15,8767.23333333333
"412",2015-02-16,8393.90833333333
"413",2015-02-17,8098.6625
"414",2015-02-18,7950.31666666667
"415",2015-02-19,7899.8875
"416",2015-02-20,7732.2125
"417",2015-02-21,7607.2875
"418",2015-02-22,7664.49583333333
"419",2015-02-23,7620.3125
"420",2015-02-24,7639.24166666667
"421",2015-02-25,7759.275
"422",2015-02-26,7930.2875
"423",2015-02-27,8011.375
"424",2015-02-28,7932.4125
"425",2015-03-01,7649.3
"426",2015-03-02,7495.125
"427",2015-03-03,7655.56666666667
"428",2015-03-04,8175.125
"429",2015-03-05,14618.75
"430",2015-03-06,24340.375
"431",2015-03-07,31444.1666666667
"432",2015-03-08,33479.5833333333
"433",2015-03-09,34298.125
"434",2015-03-10,36797.5
"435",2015-03-11,45281.5416666667
"436",2015-03-12,49012.0833333333
"437",2015-03-13,46359.7083333333
"438",2015-03-14,43063.2916666667
"439",2015-03-15,43034.6666666667
"440",2015-03-16,39505.875
"441",2015-03-17,34508.3333333333
"442",2015-03-18,30394.6666666667
"443",2015-03-19,26768.0833333333
"444",2015-03-20,24502.7083333333
"445",2015-03-21,24329.2083333333
"446",2015-03-22,24317.2083333333
"447",2015-03-23,23463.5833333333
"448",2015-03-24,21894.5416666667
"449",2015-03-25,20067.5416666667
"450",2015-03-26,18337.125
"451",2015-03-27,18943.875
"452",2015-03-28,18568.625
"453",2015-03-29,16610.375
"454",2015-03-30,14737.6666666667
"455",2015-03-31,13434.7083333333
"456",2015-04-01,12484.9166666667
"457",2015-04-02,11632.7083333333
"458",2015-04-03,10896.2083333333
"459",2015-04-04,10191.3375
"460",2015-04-05,9560.13333333333
"461",2015-04-06,9178.78333333333
"462",2015-04-07,9050.975
"463",2015-04-08,9636.32916666667
"464",2015-04-09,10319.1708333333
"465",2015-04-10,10430.8333333333
"466",2015-04-11,10437.125
"467",2015-04-12,11289.4166666667
"468",2015-04-13,13430.375
"469",2015-04-14,14474.1666666667
"470",2015-04-15,13851.7916666667
"471",2015-04-16,13520.2916666667
"472",2015-04-17,14451.125
"473",2015-04-18,15168.8333333333
"474",2015-04-19,14582.1666666667
"475",2015-04-20,20084.75
"476",2015-04-21,28316.5
"477",2015-04-22,32968.9166666667
"478",2015-04-23,32937.7916666667
"479",2015-04-24,27506.125
"480",2015-04-25,22259.0833333333
"481",2015-04-26,19042.1666666667
"482",2015-04-27,16653.1666666667
"483",2015-04-28,14974.875
"484",2015-04-29,14130.0416666667
"485",2015-04-30,13578.5833333333
"486",2015-05-01,13216.9583333333
"487",2015-05-02,12664.3333333333
"488",2015-05-03,12359.0416666667
"489",2015-05-04,12772
"490",2015-05-05,12941.5833333333
"491",2015-05-06,12302.25
"492",2015-05-07,11927.9166666667
"493",2015-05-08,11635.375
"494",2015-05-09,11029.8333333333
"495",2015-05-10,9939.94583333333
"496",2015-05-11,8812.90416666667
"497",2015-05-12,7887.58333333333
"498",2015-05-13,7199.09166666667
"499",2015-05-14,6607.2625
"500",2015-05-15,6084.75
"501",2015-05-16,5859.63333333333
"502",2015-05-17,6081.85
"503",2015-05-18,5595.61666666667
"504",2015-05-19,6783.43333333333
"505",2015-05-20,7316.84583333333
"506",2015-05-21,6781.35
"507",2015-05-22,6020.0875
"508",2015-05-23,5499.66666666667
"509",2015-05-24,5137.5875
"510",2015-05-25,4823.47083333333
"511",2015-05-26,4531.50833333333
"512",2015-05-27,4339.65416666667
"513",2015-05-28,4164.15416666667
"514",2015-05-29,3922.09166666667
"515",2015-05-30,3644.18333333333
"516",2015-05-31,3402.67083333333
"517",2015-06-01,3628.29583333333
"518",2015-06-02,7254.97083333333
"519",2015-06-03,10347.5291666667
"520",2015-06-04,8858.80833333333
"521",2015-06-05,7527.00416666667
"522",2015-06-06,6507.50833333333
"523",2015-06-07,5866.6625
"524",2015-06-08,5642.95
"525",2015-06-09,6436.05833333333
"526",2015-06-10,5843.4125
"527",2015-06-11,5414.75
"528",2015-06-12,4980.19166666667
"529",2015-06-13,4674.61666666667
"530",2015-06-14,4282.12083333333
"531",2015-06-15,4002.9375
"532",2015-06-16,3943.875
"533",2015-06-17,3879.575
"534",2015-06-18,4238.0875
"535",2015-06-19,4485.91666666667
"536",2015-06-20,4867.09583333333
"537",2015-06-21,7621.475
"538",2015-06-22,7598.425
"539",2015-06-23,7178.8375
"540",2015-06-24,7805.8625
"541",2015-06-25,8587.70416666667
"542",2015-06-26,9100.19166666667
"543",2015-06-27,12234.7625
"544",2015-06-28,20228.4166666667
"545",2015-06-29,22031.25
"546",2015-06-30,25132.7916666667
"547",2015-07-01,26218
"548",2015-07-02,22325.875
"549",2015-07-03,17485.375
"550",2015-07-04,14509.75
"551",2015-07-05,12450.7083333333
"552",2015-07-06,10822.2083333333
"553",2015-07-07,9806.1125
"554",2015-07-08,10479.1416666667
"555",2015-07-09,11086.5416666667
"556",2015-07-10,9150.28333333333
"557",2015-07-11,8484.9125
"558",2015-07-12,8034.59583333333
"559",2015-07-13,7878.44583333333
"560",2015-07-14,8002.26666666667
"561",2015-07-15,8466.16666666667
"562",2015-07-16,8594.69166666667
"563",2015-07-17,8167.55
"564",2015-07-18,7625.09166666667
"565",2015-07-19,7236.95833333333
"566",2015-07-20,6779.81666666667
"567",2015-07-21,6196.60833333333
"568",2015-07-22,5608.14166666667
"569",2015-07-23,5100.84166666667
"570",2015-07-24,4665.24583333333
"571",2015-07-25,4289.19583333333
"572",2015-07-26,3933.95416666667
"573",2015-07-27,3786.6875
"574",2015-07-28,3653.52916666667
"575",2015-07-29,3482.2
"576",2015-07-30,3677.25833333333
"577",2015-07-31,3523.44583333333
"578",2015-08-01,3109.35
"579",2015-08-02,2897.85416666667
"580",2015-08-03,2686.175
"581",2015-08-04,2501.35
"582",2015-08-05,2421.8625
"583",2015-08-06,2203.0875
"584",2015-08-07,2044.42916666667
"585",2015-08-08,1894.24583333333
"586",2015-08-09,1764.59583333333
"587",2015-08-10,1703.53333333333
"588",2015-08-11,1614.5625
"589",2015-08-12,1514.03333333333
"590",2015-08-13,1422.5875
"591",2015-08-14,1335.85416666667
"592",2015-08-15,1251.275
"593",2015-08-16,1166.675
"594",2015-08-17,1080.225
"595",2015-08-18,995.724166666667
"596",2015-08-19,919.663333333333
"597",2015-08-20,1177.70125
"598",2015-08-21,1525.23333333333
"599",2015-08-22,1623.13333333333
"600",2015-08-23,1688.76666666667
"601",2015-08-24,1642.10416666667
"602",2015-08-25,1664.425
"603",2015-08-26,1531.6875
"604",2015-08-27,1410.675
"605",2015-08-28,1312.75416666667
"606",2015-08-29,1235.27916666667
"607",2015-08-30,1174.17916666667
"608",2015-08-31,1115.6375
"609",2015-09-01,1049.7
"610",2015-09-02,974.507916666667
"611",2015-09-03,887.792916666667
"612",2015-09-04,792.6475
"613",2015-09-05,703.469166666667
"614",2015-09-06,622.492083333333
"615",2015-09-07,549.448333333333
"616",2015-09-08,488.614166666667
"617",2015-09-09,439.0175
"618",2015-09-10,411.420833333333
"619",2015-09-11,416.180833333333
"620",2015-09-12,449.79625
"621",2015-09-13,569.373333333333
"622",2015-09-14,662.264166666667
"623",2015-09-15,745.9325
"624",2015-09-16,772.899583333333
"625",2015-09-17,753.592083333333
"626",2015-09-18,710.242083333333
"627",2015-09-19,655.078333333333
"628",2015-09-20,598.276666666667
"629",2015-09-21,546.578333333333
"630",2015-09-22,651.349583333333
"631",2015-09-23,622.089166666667
"632",2015-09-24,558.420416666667
"633",2015-09-25,509.30125
"634",2015-09-26,478.424583333333
"635",2015-09-27,470.308333333333
"636",2015-09-28,484.089166666667
"637",2015-09-29,726.832083333333
"638",2015-09-30,3922.48333333333
"639",2015-10-01,4611.825
"640",2015-10-02,5622.50416666667
"641",2015-10-03,7357.45833333333
"642",2015-10-04,8101.975
"643",2015-10-05,9146.04166666667
"644",2015-10-06,9922.99166666667
"645",2015-10-07,9702.9
"646",2015-10-08,9003.45833333333
"647",2015-10-09,8184.66666666667
"648",2015-10-10,7491.2625
"649",2015-10-11,6816.27916666667
"650",2015-10-12,6174.97916666667
"651",2015-10-13,5629.24583333333
"652",2015-10-14,5211.24583333333
"653",2015-10-15,4880.67083333333
"654",2015-10-16,4597.62083333333
"655",2015-10-17,4320.54166666667
"656",2015-10-18,4052.1375
"657",2015-10-19,3816.625
"658",2015-10-20,3593.0875
"659",2015-10-21,3378.50833333333
"660",2015-10-22,3180.85833333333
"661",2015-10-23,2997.475
"662",2015-10-24,2813.18333333333
"663",2015-10-25,2635.67083333333
"664",2015-10-26,2463.2375
"665",2015-10-27,2307.65416666667
"666",2015-10-28,3058.09583333333
"667",2015-10-29,5881.35416666667
"668",2015-10-30,7141.45833333333
"669",2015-10-31,6224.20833333333
"670",2015-11-01,5240.55833333333
"671",2015-11-02,4770.80833333333
"672",2015-11-03,4574.2125
"673",2015-11-04,4517.99583333333
"674",2015-11-05,4581.94583333333
"675",2015-11-06,4479.38333333333
"676",2015-11-07,4294.275
"677",2015-11-08,4074.42083333333
"678",2015-11-09,3893.83333333333
"679",2015-11-10,5009.58333333333
"680",2015-11-11,4822.31666666667
"681",2015-11-12,4738.75
"682",2015-11-13,4773.45
"683",2015-11-14,4721.67083333333
"684",2015-11-15,4594.68333333333
"685",2015-11-16,4454.68333333333
"686",2015-11-17,4339.55416666667
"687",2015-11-18,4245.8
"688",2015-11-19,4769.1875
"689",2015-11-20,5451.22916666667
"690",2015-11-21,5435.375
"691",2015-11-22,5309.275
"692",2015-11-23,5152.96666666667
"693",2015-11-24,5002.41666666667
"694",2015-11-25,4867.62916666667
"695",2015-11-26,4707.03333333333
"696",2015-11-27,4488.65
"697",2015-11-28,4253.12916666667
"698",2015-11-29,4310.54166666667
"699",2015-11-30,4373.65
"700",2015-12-01,5355.65
"701",2015-12-02,6265.6375
"702",2015-12-03,6937.4125
"703",2015-12-04,7275.5125
"704",2015-12-05,7673.8625
"705",2015-12-06,8525.54166666667
"706",2015-12-07,9317.77083333333
"707",2015-12-08,9390.75
"708",2015-12-09,8932.66666666667
"709",2015-12-10,8300.35833333333
"710",2015-12-11,7702.8875
"711",2015-12-12,7188.64166666667
"712",2015-12-13,6714.60833333333
"713",2015-12-14,6277.1375
"714",2015-12-15,5904.70833333333
"715",2015-12-16,5566.10416666667
"716",2015-12-17,5686.05833333333
"717",2015-12-18,5836.975
"718",2015-12-19,5616.03333333333
"719",2015-12-20,5446.675
"720",2015-12-21,5323.75416666667
"721",2015-12-22,5366.87083333333
"722",2015-12-23,5857.39583333333
"723",2015-12-24,7139.30833333333
"724",2015-12-25,8227.64166666667
"725",2015-12-26,12060.875
"726",2015-12-27,12146.8333333333
"727",2015-12-28,10627.1666666667
"728",2015-12-29,13545.4166666667
"729",2015-12-30,17458.75
"730",2015-12-31,17109.2083333333
"731",2016-01-01,15609.4583333333
"732",2016-01-02,14371.75
"733",2016-01-03,12989.4583333333
"734",2016-01-04,11680.875
"735",2016-01-05,10610.9166666667
"736",2016-01-06,9750.25
"737",2016-01-07,9072.3875
"738",2016-01-08,8470.52916666667
"739",2016-01-09,7908.54166666667
"740",2016-01-10,15011.55
"741",2016-01-11,22560.6666666667
"742",2016-01-12,21815.9583333333
"743",2016-01-13,18189.7916666667
"744",2016-01-14,15327.9583333333
"745",2016-01-15,13276.25
"746",2016-01-16,13575.5416666667
"747",2016-01-17,13337.0416666667
"748",2016-01-18,12312.8333333333
"749",2016-01-19,11332.7083333333
"750",2016-01-20,10660.625
"751",2016-01-21,10095.5625
"752",2016-01-22,9565.175
"753",2016-01-23,9393.45
"754",2016-01-24,9141.25416666667
"755",2016-01-25,8607.87916666667
"756",2016-01-26,8092.68333333333
"757",2016-01-27,7842.18333333333
"758",2016-01-28,7884.925
"759",2016-01-29,8174.60833333333
"760",2016-01-30,9017.95
"761",2016-01-31,10183.6958333333
"762",2016-02-01,12387.25
"763",2016-02-02,16295.875
"764",2016-02-03,25196.875
"765",2016-02-04,49853.375
"766",2016-02-05,60056.6666666667
"767",2016-02-06,56274.7083333333
"768",2016-02-07,44966.75
"769",2016-02-08,34049.0833333333
"770",2016-02-09,28808.9583333333
"771",2016-02-10,26232.5416666667
"772",2016-02-11,23882.75
"773",2016-02-12,21365.8333333333
"774",2016-02-13,19273.2916666667
"775",2016-02-14,17540.125
"776",2016-02-15,16086.0416666667
"777",2016-02-16,21330.5
"778",2016-02-17,44456.4166666667
"779",2016-02-18,53809.5833333333
"780",2016-02-19,48257.1666666667
"781",2016-02-20,38092.375
"782",2016-02-21,32699.2916666667
"783",2016-02-22,33241
"784",2016-02-23,36555.3333333333
"785",2016-02-24,39668.9166666667
"786",2016-02-25,53602.7083333333
"787",2016-02-26,61213.6666666667
"788",2016-02-27,54426.5416666667
"789",2016-02-28,42743.9583333333
"790",2016-02-29,33778.2916666667
"791",2016-03-01,28308.4583333333
"792",2016-03-02,24716.5
"793",2016-03-03,22216.6666666667
"794",2016-03-04,20399.625
"795",2016-03-05,18984.75
"796",2016-03-06,17641.5833333333
"797",2016-03-07,16235.1666666667
"798",2016-03-08,14972.625
"799",2016-03-09,13905.2916666667
"800",2016-03-10,12928.4166666667
"801",2016-03-11,12012
"802",2016-03-12,11166.9583333333
"803",2016-03-13,10435.125
"804",2016-03-14,11342.4166666667
"805",2016-03-15,11952.875
"806",2016-03-16,12566.9166666667
"807",2016-03-17,13562.9583333333
"808",2016-03-18,13656.25
"809",2016-03-19,12920.2083333333
"810",2016-03-20,12277.0416666667
"811",2016-03-21,11472.625
"812",2016-03-22,10699.6666666667
"813",2016-03-23,10075.2916666667
"814",2016-03-24,9567.22083333333
"815",2016-03-25,9075.4625
"816",2016-03-26,8567.99583333333
"817",2016-03-27,8048.11666666667
"818",2016-03-28,8098.625
"819",2016-03-29,8146.26666666667
"820",2016-03-30,8002.625
"821",2016-03-31,7628.80833333333
"822",2016-04-01,7244.025
"823",2016-04-02,6897.43333333333
"824",2016-04-03,6570.94583333333
"825",2016-04-04,6223.47916666667
"826",2016-04-05,5864.75416666667
"827",2016-04-06,5516.19583333333
"828",2016-04-07,6232.03333333333
"829",2016-04-08,6770.725
"830",2016-04-09,6662.65
"831",2016-04-10,5938.1
"832",2016-04-11,5364.8625
"833",2016-04-12,5046.86666666667
"834",2016-04-13,4955.9625
"835",2016-04-14,4976.73333333333
"836",2016-04-15,4954.92083333333
"837",2016-04-16,4879.93333333333
"838",2016-04-17,4784.69166666667
"839",2016-04-18,4594.82083333333
"840",2016-04-19,4300.48333333333
"841",2016-04-20,3987.2875
"842",2016-04-21,3714.33333333333
"843",2016-04-22,3467.92083333333
"844",2016-04-23,3388.775
"845",2016-04-24,3400.4625
"846",2016-04-25,3356.6375
"847",2016-04-26,3242.41666666667
"848",2016-04-27,3111.93333333333
"849",2016-04-28,3251.7
"850",2016-04-29,3298.50833333333
"851",2016-04-30,3176.51666666667
"852",2016-05-01,3609.99166666667
"853",2016-05-02,4430.36666666667
"854",2016-05-03,8116.07083333333
"855",2016-05-04,9786.70416666667
"856",2016-05-05,10806.625
"857",2016-05-06,12592.3333333333
"858",2016-05-07,18767.9166666667
"859",2016-05-08,19798
"860",2016-05-09,17349.9166666667
"861",2016-05-10,15482.0416666667
"862",2016-05-11,14199.5
"863",2016-05-12,13078.4166666667
"864",2016-05-13,12160.4583333333
"865",2016-05-14,11609.4583333333
"866",2016-05-15,11196.5833333333
"867",2016-05-16,10799.4583333333
"868",2016-05-17,10654.4583333333
"869",2016-05-18,10366.6666666667
"870",2016-05-19,9897.01666666667
"871",2016-05-20,9325.93333333333
"872",2016-05-21,9495.30833333333
"873",2016-05-22,10436.25
"874",2016-05-23,13700.6666666667
"875",2016-05-24,17878.375
"876",2016-05-25,20593.3333333333
"877",2016-05-26,19749.5833333333
"878",2016-05-27,17504
"879",2016-05-28,15124.125
"880",2016-05-29,13034.9583333333
"881",2016-05-30,11504.9166666667
"882",2016-05-31,10413.0083333333
"883",2016-06-01,9535.8125
"884",2016-06-02,8759.20833333333
"885",2016-06-03,8463.1375
"886",2016-06-04,8606.06666666667
"887",2016-06-05,8571.11666666667
"888",2016-06-06,9847.14166666667
"889",2016-06-07,11101.375
"890",2016-06-08,11029.6666666667
"891",2016-06-09,10270.125
"892",2016-06-10,9335.24583333333
"893",2016-06-11,8386.1125
"894",2016-06-12,7557.3875
"895",2016-06-13,6809.12916666667
"896",2016-06-14,6141.8125
"897",2016-06-15,5561.40416666667
"898",2016-06-16,5538.5
"899",2016-06-17,8175.04583333333
"900",2016-06-18,6941.99583333333
"901",2016-06-19,6491.875
"902",2016-06-20,6300.1
"903",2016-06-21,7884.69166666667
"904",2016-06-22,10991.8333333333
"905",2016-06-23,11121.7083333333
"906",2016-06-24,10190.4875
"907",2016-06-25,9336.29166666667
"908",2016-06-26,10230.8416666667
"909",2016-06-27,13461.0416666667
"910",2016-06-28,14141.5416666667
"911",2016-06-29,12295.3333333333
"912",2016-06-30,10291.875
"913",2016-07-01,8983.85416666667
"914",2016-07-02,8056.1125
"915",2016-07-03,7334.89583333333
"916",2016-07-04,6701.85
"917",2016-07-05,7446.54583333333
"918",2016-07-06,6747.35416666667
"919",2016-07-07,6295.0875
"920",2016-07-08,6114.67083333333
"921",2016-07-09,6252.11666666667
"922",2016-07-10,6446.05833333333
"923",2016-07-11,6396.35
"924",2016-07-12,6047.8625
"925",2016-07-13,5540.25416666667
"926",2016-07-14,5031.42083333333
"927",2016-07-15,4556.99583333333
"928",2016-07-16,4186.34583333333
"929",2016-07-17,3910.9125
"930",2016-07-18,3589.875
"931",2016-07-19,3537.76666666667
"932",2016-07-20,3393.63333333333
"933",2016-07-21,3223.1875
"934",2016-07-22,3020.05
"935",2016-07-23,2812.39583333333
"936",2016-07-24,2606.27916666667
"937",2016-07-25,2424.07083333333
"938",2016-07-26,2325.45416666667
"939",2016-07-27,2151.85833333333
"940",2016-07-28,2247.1875
"941",2016-07-29,3803.0625
"942",2016-07-30,3993.52916666667
"943",2016-07-31,7816.57916666667
"944",2016-08-01,9321.30416666667
"945",2016-08-02,7224.36666666667
"946",2016-08-03,5741.15833333333
"947",2016-08-04,4900.0375
"948",2016-08-05,4317.0125
"949",2016-08-06,3891.60833333333
"950",2016-08-07,3605.15
"951",2016-08-08,3397.62916666667
"952",2016-08-09,3225.2125
"953",2016-08-10,3056.83333333333
"954",2016-08-11,2888.76666666667
"955",2016-08-12,2727.52083333333
"956",2016-08-13,2576.69166666667
"957",2016-08-14,2429.875
"958",2016-08-15,2396.93333333333
"959",2016-08-16,2732.14583333333
"960",2016-08-17,2658.11666666667
"961",2016-08-18,3518.51666666667
"962",2016-08-19,3169.41666666667
"963",2016-08-20,3017.54583333333
"964",2016-08-21,2925.6375
"965",2016-08-22,2816.9875
"966",2016-08-23,2528.15416666667
"967",2016-08-24,2314.32083333333
"968",2016-08-25,2122.60416666667
"969",2016-08-26,1984.8125
"970",2016-08-27,1889.175
"971",2016-08-28,1811.57083333333
"972",2016-08-29,1736.375
"973",2016-08-30,1664.675
"974",2016-08-31,1565.49166666667
"975",2016-09-01,1533.7625
"976",2016-09-02,1507.60416666667
"977",2016-09-03,1399.99583333333
"978",2016-09-04,1281.95
"979",2016-09-05,1163.30833333333
"980",2016-09-06,1050.40541666667
"981",2016-09-07,972.159583333333
"982",2016-09-08,1036.68333333333
"983",2016-09-09,961.852916666667
"984",2016-09-10,891.61625
"985",2016-09-11,849.857083333333
"986",2016-09-12,828.167083333333
"987",2016-09-13,792.205416666667
"988",2016-09-14,737.2475
"989",2016-09-15,675.433333333333
"990",2016-09-16,615.052083333333
"991",2016-09-17,561.080833333333
"992",2016-09-18,512.90375
"993",2016-09-19,571.250833333333
"994",2016-09-20,661.942083333333
"995",2016-09-21,582.37
"996",2016-09-22,530.599166666667
"997",2016-09-23,496.775
"998",2016-09-24,466.284583333333
"999",2016-09-25,442.871666666667
"1000",2016-09-26,430.270833333333
"1001",2016-09-27,517.324166666667
"1002",2016-09-28,606.395833333333
"1003",2016-09-29,2064.98583333333
"1004",2016-09-30,3642.62916666667
"1005",2016-10-01,5329.19583333333
"1006",2016-10-02,6763.05416666667
"1007",2016-10-03,6495.47916666667
"1008",2016-10-04,5668.5875
"1009",2016-10-05,5252.35
"1010",2016-10-06,5180.05
"1011",2016-10-07,5037.575
"1012",2016-10-08,4746.3
"1013",2016-10-09,4533.85833333333
"1014",2016-10-10,4336.23333333333
"1015",2016-10-11,4223.575
"1016",2016-10-12,4301.6625
"1017",2016-10-13,4627.89583333333
"1018",2016-10-14,4868.79166666667
"1019",2016-10-15,4763.13333333333
"1020",2016-10-16,4430.49583333333
"1021",2016-10-17,4028.18333333333
"1022",2016-10-18,3650.7375
"1023",2016-10-19,3331.40416666667
"1024",2016-10-20,3083.02916666667
"1025",2016-10-21,2918.10833333333
"1026",2016-10-22,2786.23333333333
"1027",2016-10-23,2628.15833333333
"1028",2016-10-24,2483.27083333333
"1029",2016-10-25,2343.52916666667
"1030",2016-10-26,2213.5125
"1031",2016-10-27,2099.22083333333
"1032",2016-10-28,2007.30416666667
"1033",2016-10-29,1927.05
"1034",2016-10-30,1847.1125
"1035",2016-10-31,1772.69583333333
"1036",2016-11-01,1721.68333333333
"1037",2016-11-02,1673.33333333333
"1038",2016-11-03,1609.0125
"1039",2016-11-04,1535.8625
"1040",2016-11-05,1463.15833333333
"1041",2016-11-06,1396.00416666667
"1042",2016-11-07,1334.12083333333
"1043",2016-11-08,1274.99583333333
"1044",2016-11-09,1243.74583333333
"1045",2016-11-10,1231.8625
"1046",2016-11-11,1198.075
"1047",2016-11-12,1166.40416666667
"1048",2016-11-13,1130.57916666667
"1049",2016-11-14,1088.49166666667
"1050",2016-11-15,1054.525
"1051",2016-11-16,1024.77083333333
"1052",2016-11-17,987.78375
"1053",2016-11-18,953.62875
"1054",2016-11-19,921.205416666667
"1055",2016-11-20,891.185
"1056",2016-11-21,860.037083333333
"1057",2016-11-22,828.787916666667
"1058",2016-11-23,796.882083333333
"1059",2016-11-24,765.395416666667
"1060",2016-11-25,733.999583333333
"1061",2016-11-26,703.129166666667
"1062",2016-11-27,672.162916666667
"1063",2016-11-28,642.28
"1064",2016-11-29,654.098333333333
"1065",2016-11-30,998.800416666667
"1066",2016-12-01,1861.11666666667
"1067",2016-12-02,1943.30416666667
"1068",2016-12-03,1913.65416666667
"1069",2016-12-04,1827.90833333333
"1070",2016-12-05,2016.42083333333
"1071",2016-12-06,2597.15416666667
"1072",2016-12-07,3664.1625
"1073",2016-12-08,3673.52083333333
"1074",2016-12-09,3840.225
"1075",2016-12-10,4177.1
"1076",2016-12-11,4705.31666666667
"1077",2016-12-12,5207.59166666667
"1078",2016-12-13,5243.96666666667
"1079",2016-12-14,5007.49583333333
"1080",2016-12-15,4704.87916666667
"1081",2016-12-16,4492.17916666667
"1082",2016-12-17,4445.15833333333
"1083",2016-12-18,4802.18333333333
"1084",2016-12-19,5206.89166666667
"1085",2016-12-20,5685.59166666667
"1086",2016-12-21,6174.69166666667
"1087",2016-12-22,7936.45
"1088",2016-12-23,8315.95
"1089",2016-12-24,8255.66666666667
"1090",2016-12-25,7571.07916666667
"1091",2016-12-26,7011.71666666667
"1092",2016-12-27,6505.3875
"1093",2016-12-28,6105.19583333333
"1094",2016-12-29,6038.42083333333
"1095",2016-12-30,5990.04166666667
"1096",2016-12-31,5919.04166666667
"1097",2017-01-01,5779.59166666667
"1098",2017-01-02,5894.17083333333
"1099",2017-01-03,7596.80416666667
"1100",2017-01-04,9971.01666666667
"1101",2017-01-05,11052.7083333333
"1102",2017-01-06,11768.5416666667
"1103",2017-01-07,12805.4583333333
"1104",2017-01-08,13171.8333333333
"1105",2017-01-09,12493.7083333333
"1106",2017-01-10,11388.75
"1107",2017-01-11,10529.875
"1108",2017-01-12,10087.3083333333
"1109",2017-01-13,9771.32083333333
"1110",2017-01-14,10129.5583333333
"1111",2017-01-15,11234.125
"1112",2017-01-16,11400.4583333333
"1113",2017-01-17,11082.4166666667
"1114",2017-01-18,10922.875
"1115",2017-01-19,11174.7916666667
"1116",2017-01-20,11573.8333333333
"1117",2017-01-21,11799.2916666667
"1118",2017-01-22,11434.875
"1119",2017-01-23,12136.125
"1120",2017-01-24,18702.9583333333
"1121",2017-01-25,25329.5416666667
"1122",2017-01-26,27896.0416666667
"1123",2017-01-27,25951.9583333333
"1124",2017-01-28,22190
"1125",2017-01-29,19057.9166666667
"1126",2017-01-30,16855.875
"1127",2017-01-31,15028.5
"1128",2017-02-01,13490.375
"1129",2017-02-02,12237.7083333333
"1130",2017-02-03,11128.5416666667
"1131",2017-02-04,10244.0333333333
"1132",2017-02-05,9625.3
"1133",2017-02-06,9100.53333333333
"1134",2017-02-07,8582.725
"1135",2017-02-08,8080.51666666667
"1136",2017-02-09,7995.93333333333
"1137",2017-02-10,8599.525
"1138",2017-02-11,9603.9375
"1139",2017-02-12,10416.625
"1140",2017-02-13,10707.7083333333
"1141",2017-02-14,11201.2083333333
"1142",2017-02-15,12933.2083333333
"1143",2017-02-16,13811.75
"1144",2017-02-17,12778.25
"1145",2017-02-18,11270.5833333333
"1146",2017-02-19,9910.19583333333
"1147",2017-02-20,8813.825
"1148",2017-02-21,7925.45416666667
"1149",2017-02-22,7287.8625
"1150",2017-02-23,6747.425
"1151",2017-02-24,6299.34583333333
"1152",2017-02-25,5868.64166666667
"1153",2017-02-26,5546.72916666667
"1154",2017-02-27,5235.75833333333
"1155",2017-02-28,4929.225
"1156",2017-03-01,5031.5875
"1157",2017-03-02,4999.625
"1158",2017-03-03,5301.64166666667
"1159",2017-03-04,6383.40833333333
"1160",2017-03-05,8594.9875
"1161",2017-03-06,8535.275
"1162",2017-03-07,7608.31666666667
"1163",2017-03-08,6951.27083333333
"1164",2017-03-09,6423.09583333333
"1165",2017-03-10,6084.10833333333
"1166",2017-03-11,6071.6125
"1167",2017-03-12,6262.69583333333
"1168",2017-03-13,6343.24583333333
"1169",2017-03-14,6415.00416666667
"1170",2017-03-15,6182.19166666667
"1171",2017-03-16,5864.36666666667
"1172",2017-03-17,5771.02083333333
"1173",2017-03-18,6218.925
"1174",2017-03-19,8549.05833333333
"1175",2017-03-20,10980.0125
"1176",2017-03-21,13400.75
"1177",2017-03-22,14379.625
"1178",2017-03-23,13446.9166666667
"1179",2017-03-24,12041.125
"1180",2017-03-25,11097.125
"1181",2017-03-26,10456.8333333333
"1182",2017-03-27,9771.425
"1183",2017-03-28,9666.5125
"1184",2017-03-29,9913.95
"1185",2017-03-30,10765.9583333333
"1186",2017-03-31,15358.7083333333
"1187",2017-04-01,22845.7916666667
"1188",2017-04-02,21763.125
"1189",2017-04-03,19635.0416666667
"1190",2017-04-04,18216.3333333333
"1191",2017-04-05,16536.375
"1192",2017-04-06,17647.0416666667
"1193",2017-04-07,21534.4583333333
"1194",2017-04-08,21674.8333333333
"1195",2017-04-09,19417.0833333333
"1196",2017-04-10,17507.6666666667
"1197",2017-04-11,15559.9166666667
"1198",2017-04-12,13758.375
"1199",2017-04-13,12155.7916666667
"1200",2017-04-14,10760.25
"1201",2017-04-15,9637.64583333333
"1202",2017-04-16,8767.64583333333
"1203",2017-04-17,8032.16666666667
"1204",2017-04-18,7582.58333333333
"1205",2017-04-19,7194.3875
"1206",2017-04-20,6851.67083333333
"1207",2017-04-21,6793.3375
"1208",2017-04-22,6900.65
"1209",2017-04-23,7142.6875
"1210",2017-04-24,7109.8
"1211",2017-04-25,7611.5125
"1212",2017-04-26,8289.5375
"1213",2017-04-27,9015.20416666667
"1214",2017-04-28,9844.57916666667
"1215",2017-04-29,10539.5
"1216",2017-04-30,10573.4583333333
"1217",2017-05-01,10063.7875
"1218",2017-05-02,9600.0125
"1219",2017-05-03,9349.12083333333
"1220",2017-05-04,9126.5375
"1221",2017-05-05,13237.1583333333
"1222",2017-05-06,24942.7083333333
"1223",2017-05-07,35413.8333333333
"1224",2017-05-08,35939.2916666667
"1225",2017-05-09,29810.5
"1226",2017-05-10,23238.9166666667
"1227",2017-05-11,23831.2916666667
"1228",2017-05-12,29159.75
"1229",2017-05-13,32689.3333333333
"1230",2017-05-14,36170.6666666667
"1231",2017-05-15,35029.625
"1232",2017-05-16,30392.0833333333
"1233",2017-05-17,25483.5
"1234",2017-05-18,21860.4166666667
"1235",2017-05-19,19625.875
"1236",2017-05-20,17144.2083333333
"1237",2017-05-21,14800.9166666667
"1238",2017-05-22,13271.7083333333
"1239",2017-05-23,11820.0833333333
"1240",2017-05-24,11102.5416666667
"1241",2017-05-25,12408.875
"1242",2017-05-26,15388.9583333333
"1243",2017-05-27,21512.2916666667
"1244",2017-05-28,24605.0833333333
"1245",2017-05-29,23727.125
"1246",2017-05-30,20996.625
"1247",2017-05-31,19935.0416666667
"1248",2017-06-01,17974.0833333333
"1249",2017-06-02,16421.875
"1250",2017-06-03,14961.1666666667
"1251",2017-06-04,13418.5416666667
"1252",2017-06-05,11949.75
"1253",2017-06-06,10746.8333333333
"1254",2017-06-07,9756.75
"1255",2017-06-08,8943.15
"1256",2017-06-09,8163.69166666667
"1257",2017-06-10,7486.36666666667
"1258",2017-06-11,6853.74166666667
"1259",2017-06-12,6261.27916666667
"1260",2017-06-13,5710.0375
"1261",2017-06-14,5236.075
"1262",2017-06-15,4906.25833333333
"1263",2017-06-16,4473.025
"1264",2017-06-17,4190.56666666667
"1265",2017-06-18,4112.5875
"1266",2017-06-19,4757.74166666667
"1267",2017-06-20,5897.95
"1268",2017-06-21,6375.0625
"1269",2017-06-22,6536.3875
"1270",2017-06-23,6375.72916666667
"1271",2017-06-24,6312.85833333333
"1272",2017-06-25,6258.72916666667
"1273",2017-06-26,6299.1375
"1274",2017-06-27,7433.91666666667
"1275",2017-06-28,8388.66666666667
"1276",2017-06-29,7595.9875
"1277",2017-06-30,6622.16666666667
"1278",2017-07-01,5773.37083333333
"1279",2017-07-02,5119.37083333333
"1280",2017-07-03,4525.74166666667
"1281",2017-07-04,4005.54583333333
"1282",2017-07-05,3821.73333333333
"1283",2017-07-06,5895.33333333333
"1284",2017-07-07,6442.65416666667
"1285",2017-07-08,6060.56666666667
"1286",2017-07-09,5677.45416666667
"1287",2017-07-10,5548.42916666667
"1288",2017-07-11,5496.20833333333
"1289",2017-07-12,5477.00416666667
"1290",2017-07-13,5245.0125
"1291",2017-07-14,5074.4875
"1292",2017-07-15,4808.4
"1293",2017-07-16,4197.8875
"1294",2017-07-17,3820.64166666667
"1295",2017-07-18,3724.35833333333
"1296",2017-07-19,3833.77083333333
"1297",2017-07-20,3366.7875
"1298",2017-07-21,3149.14583333333
"1299",2017-07-22,3219.775
"1300",2017-07-23,3730.18333333333
"1301",2017-07-24,4246.97916666667
"1302",2017-07-25,3965.31666666667
"1303",2017-07-26,3719.65416666667
"1304",2017-07-27,3480.71666666667
"1305",2017-07-28,4013.39583333333
"1306",2017-07-29,12978.8041666667
"1307",2017-07-30,13478.4166666667
"1308",2017-07-31,11688
"1309",2017-08-01,17168.2916666667
"1310",2017-08-02,19039.375
"1311",2017-08-03,15272.625
"1312",2017-08-04,12204.2916666667
"1313",2017-08-05,9987.30833333333
"1314",2017-08-06,9165.23333333333
"1315",2017-08-07,9713.45
"1316",2017-08-08,8575.65833333333
"1317",2017-08-09,7476.94583333333
"1318",2017-08-10,6912.78333333333
"1319",2017-08-11,6933.40416666667
"1320",2017-08-12,8386.25
"1321",2017-08-13,7421.94166666667
"1322",2017-08-14,6584.1375
"1323",2017-08-15,6759.19166666667
"1324",2017-08-16,6068.00833333333
"1325",2017-08-17,5158.59583333333
"1326",2017-08-18,4845.5875
"1327",2017-08-19,4906.9375
"1328",2017-08-20,4088.875
"1329",2017-08-21,3686.525
"1330",2017-08-22,3401.325
"1331",2017-08-23,3203.41666666667
"1332",2017-08-24,3038.27916666667
"1333",2017-08-25,2864.37083333333
"1334",2017-08-26,2686.41666666667
"1335",2017-08-27,2514.4625
"1336",2017-08-28,2354.60416666667
"1337",2017-08-29,2742.95833333333
"1338",2017-08-30,2765.11666666667
"1339",2017-08-31,2427.82083333333
"1340",2017-09-01,2281.87083333333
"1341",2017-09-02,2670.5875
"1342",2017-09-03,2459.68333333333
"1343",2017-09-04,2220.73333333333
"1344",2017-09-05,2218.90833333333
"1345",2017-09-06,3228.50833333333
"1346",2017-09-07,3557.77083333333
"1347",2017-09-08,3262.45833333333
"1348",2017-09-09,2993.39583333333
"1349",2017-09-10,2752.61666666667
"1350",2017-09-11,2568.13333333333
"1351",2017-09-12,2430.87916666667
"1352",2017-09-13,2333.9375
"1353",2017-09-14,2242.80833333333
"1354",2017-09-15,2148.84166666667
"1355",2017-09-16,2061.33333333333
"1356",2017-09-17,1960.21666666667
"1357",2017-09-18,1847.1625
"1358",2017-09-19,1742.40833333333
"1359",2017-09-20,1674.18333333333
"1360",2017-09-21,1586.55416666667
"1361",2017-09-22,1489.42083333333
"1362",2017-09-23,1400.03333333333
"1363",2017-09-24,1322.5625
"1364",2017-09-25,1250.56666666667
"1365",2017-09-26,1178.08333333333
"1366",2017-09-27,1100.69166666667
"1367",2017-09-28,1016.92458333333
"1368",2017-09-29,931.794166666667
"1369",2017-09-30,850.565
"1370",2017-10-01,775.452916666667
"1371",2017-10-02,709.33125
"1372",2017-10-03,646.880833333333
"1373",2017-10-04,582.565
"1374",2017-10-05,533.453333333333
"1375",2017-10-06,498.365833333333
"1376",2017-10-07,469.360833333333
"1377",2017-10-08,451.627916666667
"1378",2017-10-09,824.242083333333
"1379",2017-10-10,1007.43791666667
"1380",2017-10-11,1077.34583333333
"1381",2017-10-12,1577.5875
"1382",2017-10-13,1666.27916666667
"1383",2017-10-14,1694.84166666667
"1384",2017-10-15,1696.97916666667
"1385",2017-10-16,1704.1
"1386",2017-10-17,1741.20833333333
"1387",2017-10-18,1869.3
"1388",2017-10-19,1989.12916666667
"1389",2017-10-20,2019.4
"1390",2017-10-21,1953.1375
"1391",2017-10-22,1841.57083333333
"1392",2017-10-23,1731.09583333333
"1393",2017-10-24,2022.925
"1394",2017-10-25,1912.7
"1395",2017-10-26,1884.775
"1396",2017-10-27,1824.83333333333
"1397",2017-10-28,1745.03333333333
"1398",2017-10-29,1894.25416666667
"1399",2017-10-30,4223.0625
"1400",2017-10-31,6635.03333333333
"1401",2017-11-01,10794.2958333333
"1402",2017-11-02,10775.0833333333
"1403",2017-11-03,9149.35416666667
"1404",2017-11-04,7914.15833333333
"1405",2017-11-05,7831.2125
"1406",2017-11-06,6906.6625
"1407",2017-11-07,6823.375
"1408",2017-11-08,7398.78333333333
"1409",2017-11-09,6881.55
"1410",2017-11-10,6996.38333333333
"1411",2017-11-11,7924.1
"1412",2017-11-12,8326.74166666667
"1413",2017-11-13,8108.12083333333
"1414",2017-11-14,7477.95416666667
"1415",2017-11-15,6800.65416666667
"1416",2017-11-16,6126.60833333333
"1417",2017-11-17,5607.30833333333
"1418",2017-11-18,5253.64583333333
"1419",2017-11-19,4990.5125
"1420",2017-11-20,4812.9125
"1421",2017-11-21,4744.44583333333
"1422",2017-11-22,4802.61666666667
"1423",2017-11-23,4921.27083333333
"1424",2017-11-24,4902.1875
"1425",2017-11-25,4682.5875
"1426",2017-11-26,4371.7
"1427",2017-11-27,4052.19583333333
"1428",2017-11-28,3765.79583333333
"1429",2017-11-29,3509.475
"1430",2017-11-30,3287.5125
"1431",2017-12-01,3105.17916666667
"1432",2017-12-02,2935.39166666667
"1433",2017-12-03,2778.04583333333
"1434",2017-12-04,2629.65833333333
"1435",2017-12-05,2496.8
"1436",2017-12-06,2407.20416666667
"1437",2017-12-07,2354.41666666667
"1438",2017-12-08,2303.8625
"1439",2017-12-09,2322.41666666667
"1440",2017-12-10,2333.8625
"1441",2017-12-11,2211.35
"1442",2017-12-12,2110.17083333333
"1443",2017-12-13,2024.92083333333
"1444",2017-12-14,1939.49583333333
"1445",2017-12-15,1858.60416666667
"1446",2017-12-16,1787.19166666667
"1447",2017-12-17,1725.68333333333
"1448",2017-12-18,1673.0625
"1449",2017-12-19,1610.575
"1450",2017-12-20,1546.6375
"1451",2017-12-21,1485.55833333333
"1452",2017-12-22,1428.35833333333
"1453",2017-12-23,1421.825
"1454",2017-12-24,1590.25
"1455",2017-12-25,1652.89583333333
"1456",2017-12-26,1746.25416666667
"1457",2017-12-27,1888.675
"1458",2017-12-28,1949.37083333333
"1459",2017-12-29,1984.34583333333
"1460",2017-12-30,2055.36666666667
"1461",2017-12-31,2159.15
"1462",2018-01-01,2220.40833333333
"1463",2018-01-02,2204.87083333333
"1464",2018-01-03,2136.8125
"1465",2018-01-04,2063.67916666667
"1466",2018-01-05,1986.09166666667
"1467",2018-01-06,1909.3625
"1468",2018-01-07,1840.025
"1469",2018-01-08,1785.65833333333
"1470",2018-01-09,1747.76666666667
"1471",2018-01-10,1701.05416666667
"1472",2018-01-11,1640.20833333333
"1473",2018-01-12,1645.97083333333
"1474",2018-01-13,3711.45
"1475",2018-01-14,5044.64166666667
"1476",2018-01-15,5076.1625
"1477",2018-01-16,4579.44583333333
"1478",2018-01-17,4960.05
"1479",2018-01-18,5689.65833333333
"1480",2018-01-19,5875.82083333333
"1481",2018-01-20,5649.8875
"1482",2018-01-21,5310.17083333333
"1483",2018-01-22,4917.3
"1484",2018-01-23,4766.68333333333
"1485",2018-01-24,5814.41666666667
"1486",2018-01-25,6981.42916666667
"1487",2018-01-26,6712.49166666667
"1488",2018-01-27,6112.1125
"1489",2018-01-28,5577.3125
"1490",2018-01-29,5251.1125
"1491",2018-01-30,4979.75
"1492",2018-01-31,4724.15416666667
"1493",2018-02-01,4530.52083333333
"1494",2018-02-02,4597.85833333333
"1495",2018-02-03,4495.57083333333
"1496",2018-02-04,5190.20833333333
"1497",2018-02-05,7797.95
"1498",2018-02-06,8969.2875
"1499",2018-02-07,9125.4125
"1500",2018-02-08,11852.9583333333
"1501",2018-02-09,12171.625
"1502",2018-02-10,11210.9166666667
"1503",2018-02-11,14126.7916666667
"1504",2018-02-12,18667.9583333333
"1505",2018-02-13,22439.7916666667
"1506",2018-02-14,23252.5
"1507",2018-02-15,21612.25
"1508",2018-02-16,18970.875
"1509",2018-02-17,18933
"1510",2018-02-18,20735.0416666667
"1511",2018-02-19,20303.7083333333
"1512",2018-02-20,19417.25
"1513",2018-02-21,18321.25
"1514",2018-02-22,17242.875
"1515",2018-02-23,16634.5416666667
"1516",2018-02-24,16345.75
"1517",2018-02-25,20088.6666666667
"1518",2018-02-26,30311.1666666667
"1519",2018-02-27,37385.3333333333
"1520",2018-02-28,32808.9583333333
"1521",2018-03-01,26860.2083333333
"1522",2018-03-02,23395.8333333333
"1523",2018-03-03,23437.625
"1524",2018-03-04,23589.7083333333
"1525",2018-03-05,22323.2083333333
"1526",2018-03-06,21770.9166666667
"1527",2018-03-07,19798.625
"1528",2018-03-08,17294.0833333333
"1529",2018-03-09,15359.5833333333
"1530",2018-03-10,14191.6666666667
"1531",2018-03-11,13860.7916666667
"1532",2018-03-12,13743.75
"1533",2018-03-13,13306.2083333333
"1534",2018-03-14,12765.4166666667
"1535",2018-03-15,11873.0833333333
"1536",2018-03-16,10798.2916666667
"1537",2018-03-17,9780.49583333333
"1538",2018-03-18,8916.46666666667
"1539",2018-03-19,8047.59166666667
"1540",2018-03-20,8098.13333333333
"1541",2018-03-21,8495.34166666667
"1542",2018-03-22,8609.82083333333
"1543",2018-03-23,8622.0875
"1544",2018-03-24,8611.59583333333
"1545",2018-03-25,8627.32083333333
"1546",2018-03-26,8497.4125
"1547",2018-03-27,8193.49583333333
"1548",2018-03-28,7809.475
"1549",2018-03-29,7410.10416666667
"1550",2018-03-30,6969.55
"1551",2018-03-31,6610.99166666667
"1552",2018-04-01,6404.1875
"1553",2018-04-02,6488.05416666667
"1554",2018-04-03,6829.39166666667
"1555",2018-04-04,7029.20833333333
"1556",2018-04-05,7131.53333333333
"1557",2018-04-06,7778.2125
"1558",2018-04-07,8846.44166666667
"1559",2018-04-08,8553.4
"1560",2018-04-09,7685.45416666667
"1561",2018-04-10,6925.15
"1562",2018-04-11,6269.85
"1563",2018-04-12,5696.8375
"1564",2018-04-13,5186.15833333333
"1565",2018-04-14,4738.825
"1566",2018-04-15,4345.27083333333
"1567",2018-04-16,7595.575
"1568",2018-04-17,11352.8416666667
"1569",2018-04-18,12132.8333333333
"1570",2018-04-19,14172.25
"1571",2018-04-20,15823.2916666667
"1572",2018-04-21,14283.2083333333
"1573",2018-04-22,12365.9166666667
"1574",2018-04-23,10608.1625
"1575",2018-04-24,9070.70833333333
"1576",2018-04-25,9358.32083333333
"1577",2018-04-26,8677.0875
"1578",2018-04-27,10300.6
"1579",2018-04-28,11602.3333333333
"1580",2018-04-29,12549.25
"1581",2018-04-30,12012.3333333333
"1582",2018-05-01,10923.5833333333
"1583",2018-05-02,9741.44583333333
"1584",2018-05-03,8804.9
"1585",2018-05-04,8094.8375
"1586",2018-05-05,7552.41666666667
"1587",2018-05-06,7217.79583333333
"1588",2018-05-07,7230.23333333333
"1589",2018-05-08,7351.1875
"1590",2018-05-09,8429.575
"1591",2018-05-10,10277.3458333333
"1592",2018-05-11,10433
"1593",2018-05-12,9363.00416666667
"1594",2018-05-13,8858.03333333333
"1595",2018-05-14,9215.01666666667
"1596",2018-05-15,14870.9166666667
"1597",2018-05-16,15325.625
"1598",2018-05-17,23285.125
"1599",2018-05-18,34695.8333333333
"1600",2018-05-19,40572.3333333333
"1601",2018-05-20,45234.2916666667
"1602",2018-05-21,44128.125
"1603",2018-05-22,37487.25
"1604",2018-05-23,31706.0833333333
"1605",2018-05-24,27112.4166666667
"1606",2018-05-25,24002.9166666667
"1607",2018-05-26,21281.1666666667
"1608",2018-05-27,19349.7083333333
"1609",2018-05-28,18045.75
"1610",2018-05-29,16069.875
"1611",2018-05-30,15204
"1612",2018-05-31,15204.75
"1613",2018-06-01,14543.5
"1614",2018-06-02,13767.8333333333
"1615",2018-06-03,13676.125
"1616",2018-06-04,13682.0833333333
"1617",2018-06-05,13646
"1618",2018-06-06,13503.625
"1619",2018-06-07,13136.3333333333
"1620",2018-06-08,12415.5833333333
"1621",2018-06-09,11437.625
"1622",2018-06-10,10442.8583333333
"1623",2018-06-11,9487.35
"1624",2018-06-12,9047.9
